-- phpMyAdmin SQL Dump
-- version 4.1.14
-- http://www.phpmyadmin.net
--
-- Host: 127.0.0.1
-- Generation Time: Jan 18, 2017 at 10:05 AM
-- Server version: 5.6.17
-- PHP Version: 5.5.12

SET SQL_MODE = "NO_AUTO_VALUE_ON_ZERO";
SET time_zone = "+00:00";


/*!40101 SET @OLD_CHARACTER_SET_CLIENT=@@CHARACTER_SET_CLIENT */;
/*!40101 SET @OLD_CHARACTER_SET_RESULTS=@@CHARACTER_SET_RESULTS */;
/*!40101 SET @OLD_COLLATION_CONNECTION=@@COLLATION_CONNECTION */;
/*!40101 SET NAMES utf8 */;

--
-- Database: `restoranyab`
--

-- --------------------------------------------------------

--
-- Table structure for table `categories`
--

CREATE TABLE IF NOT EXISTS `categories` (
  `id` int(11) NOT NULL AUTO_INCREMENT,
  `title` varchar(50) COLLATE utf8mb4_persian_ci NOT NULL,
  `parent` int(11) NOT NULL,
  `icon` varchar(255) COLLATE utf8mb4_persian_ci DEFAULT NULL,
  `sort` int(11) NOT NULL,
  `topcategory_id` int(11) NOT NULL,
  `updated_at` timestamp NOT NULL DEFAULT CURRENT_TIMESTAMP ON UPDATE CURRENT_TIMESTAMP,
  `created_at` timestamp NOT NULL DEFAULT '0000-00-00 00:00:00',
  PRIMARY KEY (`id`)
) ENGINE=InnoDB  DEFAULT CHARSET=utf8mb4 COLLATE=utf8mb4_persian_ci AUTO_INCREMENT=34 ;

--
-- Dumping data for table `categories`
--

INSERT INTO `categories` (`id`, `title`, `parent`, `icon`, `sort`, `topcategory_id`, `updated_at`, `created_at`) VALUES
(26, 'فست فود', 0, NULL, 0, 1, '2014-04-03 14:49:14', '0000-00-00 00:00:00'),
(27, 'سنتی', 0, NULL, 0, 1, '2014-04-03 14:49:14', '0000-00-00 00:00:00'),
(28, 'پیتزا', 26, NULL, 3, 1, '2014-04-03 14:50:47', '0000-00-00 00:00:00'),
(29, 'ساندویچ', 26, NULL, 2, 1, '2014-04-03 14:50:47', '0000-00-00 00:00:00'),
(30, 'همبرگر', 26, NULL, 1, 1, '2014-04-03 14:49:14', '0000-00-00 00:00:00'),
(31, 'جوجه کباب', 27, '', 6, 1, '2016-05-14 12:41:13', '0000-00-00 00:00:00'),
(32, 'چلوکباب', 27, NULL, 5, 1, '2014-04-03 14:49:14', '0000-00-00 00:00:00'),
(33, 'قرمه سبزی', 27, NULL, 4, 1, '2014-04-03 14:49:14', '0000-00-00 00:00:00');

-- --------------------------------------------------------

--
-- Table structure for table `definitions`
--

CREATE TABLE IF NOT EXISTS `definitions` (
  `id` int(11) NOT NULL AUTO_INCREMENT,
  `title` varchar(50) COLLATE utf8mb4_persian_ci NOT NULL,
  `sort` varchar(10) COLLATE utf8mb4_persian_ci NOT NULL,
  `topcategory_id` int(11) NOT NULL,
  `show_filter` enum('n','y') COLLATE utf8mb4_persian_ci NOT NULL DEFAULT 'n',
  `show_list` enum('n','y') COLLATE utf8mb4_persian_ci NOT NULL DEFAULT 'n',
  `created_at` timestamp NOT NULL DEFAULT CURRENT_TIMESTAMP ON UPDATE CURRENT_TIMESTAMP,
  `updated_at` timestamp NOT NULL DEFAULT '0000-00-00 00:00:00',
  PRIMARY KEY (`id`)
) ENGINE=InnoDB  DEFAULT CHARSET=utf8mb4 COLLATE=utf8mb4_persian_ci AUTO_INCREMENT=5 ;

--
-- Dumping data for table `definitions`
--

INSERT INTO `definitions` (`id`, `title`, `sort`, `topcategory_id`, `show_filter`, `show_list`, `created_at`, `updated_at`) VALUES
(1, 'مناطق', 'default', 1, 'y', 'y', '2014-05-03 07:05:55', '2014-05-03 02:35:55'),
(2, 'سطح قیمت', 'default', 1, 'y', 'y', '2014-03-28 18:44:58', '2014-03-28 15:14:58'),
(4, 'نوع رستوران', 'default', 1, 'n', 'n', '2014-05-03 07:06:11', '2014-05-03 02:36:11');

-- --------------------------------------------------------

--
-- Table structure for table `definition_values`
--

CREATE TABLE IF NOT EXISTS `definition_values` (
  `id` int(11) NOT NULL AUTO_INCREMENT,
  `title` varchar(50) COLLATE utf8mb4_persian_ci NOT NULL,
  `sort` varchar(10) COLLATE utf8mb4_persian_ci NOT NULL,
  `definition_id` int(11) NOT NULL,
  `image` varchar(50) COLLATE utf8mb4_persian_ci DEFAULT NULL,
  `created_at` timestamp NOT NULL DEFAULT CURRENT_TIMESTAMP ON UPDATE CURRENT_TIMESTAMP,
  `updated_at` timestamp NOT NULL DEFAULT '0000-00-00 00:00:00',
  PRIMARY KEY (`id`)
) ENGINE=InnoDB  DEFAULT CHARSET=utf8mb4 COLLATE=utf8mb4_persian_ci AUTO_INCREMENT=11 ;

--
-- Dumping data for table `definition_values`
--

INSERT INTO `definition_values` (`id`, `title`, `sort`, `definition_id`, `image`, `created_at`, `updated_at`) VALUES
(1, 'منطقه ۱', 'defualt', 1, NULL, '2014-03-10 16:03:43', '0000-00-00 00:00:00'),
(2, 'منطقه ۲', 'defualt', 1, NULL, '2014-03-10 16:03:46', '0000-00-00 00:00:00'),
(3, 'منطقه ۳', 'defualt', 1, NULL, '2014-03-10 16:03:51', '0000-00-00 00:00:00'),
(4, 'پایین', 'defualt', 2, NULL, '2014-03-10 16:07:07', '0000-00-00 00:00:00'),
(5, 'متوسط', 'defualt', 2, NULL, '2014-03-10 16:07:10', '0000-00-00 00:00:00'),
(6, 'بالا', 'defualt', 2, NULL, '2014-03-10 16:07:13', '0000-00-00 00:00:00'),
(7, 'آسیایی', 'defualt', 4, NULL, '2014-03-15 09:36:47', '0000-00-00 00:00:00'),
(8, 'مکزیکی', 'defualt', 4, NULL, '2014-03-15 09:36:50', '0000-00-00 00:00:00'),
(9, 'دارد', 'defualt', 5, NULL, '2014-03-16 09:53:47', '0000-00-00 00:00:00'),
(10, 'غربی', 'defualt', 4, NULL, '2014-05-03 07:12:33', '0000-00-00 00:00:00');

-- --------------------------------------------------------

--
-- Table structure for table `fields`
--

CREATE TABLE IF NOT EXISTS `fields` (
  `id` int(11) NOT NULL AUTO_INCREMENT,
  `title` varchar(70) COLLATE utf8mb4_persian_ci NOT NULL,
  `icon` varchar(50) COLLATE utf8mb4_persian_ci NOT NULL,
  PRIMARY KEY (`id`)
) ENGINE=InnoDB  DEFAULT CHARSET=utf8mb4 COLLATE=utf8mb4_persian_ci AUTO_INCREMENT=14 ;

--
-- Dumping data for table `fields`
--

INSERT INTO `fields` (`id`, `title`, `icon`) VALUES
(4, 'نشستن', ''),
(6, 'جای پارک', ''),
(7, 'تعداد صندلی', ''),
(8, 'ساعت کاری', ''),
(9, 'رزرو تلفنی', ''),
(10, 'حق سرویس', ''),
(11, 'اینترنت بی سیم', ''),
(12, 'کارت خوان', ''),
(13, 'تحویل رایگان', '');

-- --------------------------------------------------------

--
-- Table structure for table `menu`
--

CREATE TABLE IF NOT EXISTS `menu` (
  `id` int(11) NOT NULL AUTO_INCREMENT,
  `title` varchar(20) COLLATE utf8mb4_persian_ci NOT NULL,
  `link` varchar(50) COLLATE utf8mb4_persian_ci NOT NULL,
  `position` enum('t','b') COLLATE utf8mb4_persian_ci NOT NULL,
  `sort` int(11) NOT NULL,
  PRIMARY KEY (`id`)
) ENGINE=InnoDB  DEFAULT CHARSET=utf8mb4 COLLATE=utf8mb4_persian_ci AUTO_INCREMENT=30 ;

--
-- Dumping data for table `menu`
--

INSERT INTO `menu` (`id`, `title`, `link`, `position`, `sort`) VALUES
(17, 'درباره ما', 'درباره-ما', 't', 2),
(19, 'درباره ما', 'درباره-ما', 'b', 1),
(20, 'خانه', '/', 't', 0),
(21, 'رستوران‌ها', 'restaurant', 't', 1),
(22, 'خانه', '/', 'b', 0),
(23, 'اخبار', 'news', 't', 3),
(24, 'ارتباط با ما', 'contact', 't', 4),
(26, 'ثبت رستوران', 'place_registration', 't', 5),
(27, 'ارتباط با ما', 'contact', 'b', 2),
(28, 'راهنما', 'راهنمای-رستوران', 't', 6),
(29, 'راهنما', 'راهنمای-رستوران', 'b', 0);

-- --------------------------------------------------------

--
-- Table structure for table `news`
--

CREATE TABLE IF NOT EXISTS `news` (
  `id` int(11) NOT NULL AUTO_INCREMENT,
  `title` varchar(50) COLLATE utf8mb4_persian_ci NOT NULL,
  `text` text COLLATE utf8mb4_persian_ci NOT NULL,
  `link` varchar(100) COLLATE utf8mb4_persian_ci NOT NULL,
  `created_at` datetime NOT NULL,
  `updated_at` datetime NOT NULL,
  PRIMARY KEY (`id`)
) ENGINE=InnoDB  DEFAULT CHARSET=utf8mb4 COLLATE=utf8mb4_persian_ci AUTO_INCREMENT=9 ;

--
-- Dumping data for table `news`
--

INSERT INTO `news` (`id`, `title`, `text`, `link`, `created_at`, `updated_at`) VALUES
(1, 'افتتاح سایت', '<p>لورم ایپسوم متن ساختگی با تولید سادگی نامفهوم از صنعت چاپ و با استفاده از طراحان گرافیک است. چاپگرها و متون بلکه روزنامه و مجله در ستون و سطرآنچنان که لازم است و برای شرایط فعلی تکنولوژی مورد نیاز و کاربردهای متنوع با هدف بهبود ابزارهای کاربردی می باشد. کتابهای زیادی در شصت و سه درصد گذشته، حال و آینده شناخت فراوان جامعه و متخصصان را می طلبد تا با نرم افزارها شناخت بیشتری را برای طراحان رایانه ای علی الخصوص طراحان خلاقی و فرهنگ پیشرو در زبان فارسی ایجاد کرد. در این صورت می توان امید داشت که تمام و دشواری موجود در ارائه راهکارها و شرایط سخت تایپ به پایان رسد وزمان مورد نیاز شامل حروفچینی دستاوردهای اصلی و جوابگوی سوالات پیوسته اهل دنیای موجود طراحی اساسا مورد استفاده قرار گیرد.</p>\r\n\r\n<p>لورم ایپسوم متن ساختگی با تولید سادگی نامفهوم از صنعت چاپ و با استفاده از طراحان گرافیک است. چاپگرها و متون بلکه روزنامه و مجله در ستون و سطرآنچنان که لازم است و برای شرایط فعلی تکنولوژی مورد نیاز و کاربردهای متنوع با هدف بهبود ابزارهای کاربردی می باشد. کتابهای زیادی در شصت و سه درصد گذشته، حال و آینده شناخت فراوان جامعه و متخصصان را می طلبد تا با نرم افزارها شناخت بیشتری را برای طراحان رایانه ای علی الخصوص طراحان خلاقی و فرهنگ پیشرو در زبان فارسی ایجاد کرد. در این صورت می توان امید داشت که تمام و دشواری موجود در ارائه راهکارها و شرایط سخت تایپ به پایان رسد وزمان مورد نیاز شامل حروفچینی دستاوردهای اصلی و جوابگوی سوالات پیوسته اهل دنیای موجود طراحی اساسا مورد استفاده قرار گیرد.</p>\r\n', 'افتتاح-سایت', '2014-03-10 19:46:26', '2016-05-14 11:49:03'),
(2, 'خبر دوم', '<p>لورم ایپسوم متن ساختگی با تولید سادگی نامفهوم از صنعت چاپ و با استفاده از طراحان گرافیک است. چاپگرها و متون بلکه روزنامه و مجله در ستون و سطرآنچنان که لازم است و برای شرایط فعلی تکنولوژی مورد نیاز و کاربردهای متنوع با هدف بهبود ابزارهای کاربردی می باشد. کتابهای زیادی در شصت و سه درصد گذشته، حال و آینده شناخت فراوان جامعه و متخصصان را می طلبد تا با نرم افزارها شناخت بیشتری را برای طراحان رایانه ای علی الخصوص طراحان خلاقی و فرهنگ پیشرو در زبان فارسی ایجاد کرد. در این صورت می توان امید داشت که تمام و دشواری موجود در ارائه راهکارها و شرایط سخت تایپ به پایان رسد وزمان مورد نیاز شامل حروفچینی دستاوردهای اصلی و جوابگوی سوالات پیوسته اهل دنیای موجود طراحی اساسا مورد استفاده قرار گیرد.</p>\r\n\r\n<p>لورم ایپسوم متن ساختگی با تولید سادگی نامفهوم از صنعت چاپ و با استفاده از طراحان گرافیک است. چاپگرها و متون بلکه روزنامه و مجله در ستون و سطرآنچنان که لازم است و برای شرایط فعلی تکنولوژی مورد نیاز و کاربردهای متنوع با هدف بهبود ابزارهای کاربردی می باشد. کتابهای زیادی در شصت و سه درصد گذشته، حال و آینده شناخت فراوان جامعه و متخصصان را می طلبد تا با نرم افزارها شناخت بیشتری را برای طراحان رایانه ای علی الخصوص طراحان خلاقی و فرهنگ پیشرو در زبان فارسی ایجاد کرد. در این صورت می توان امید داشت که تمام و دشواری موجود در ارائه راهکارها و شرایط سخت تایپ به پایان رسد وزمان مورد نیاز شامل حروفچینی دستاوردهای اصلی و جوابگوی سوالات پیوسته اهل دنیای موجود طراحی اساسا مورد استفاده قرار گیرد.</p>\r\n', 'خبر-دوم', '2014-05-02 07:53:30', '2016-05-14 11:48:57'),
(4, 'بخش اخبار', '<p>لورم ایپسوم متن ساختگی با تولید سادگی نامفهوم از صنعت چاپ و با استفاده از طراحان گرافیک است. چاپگرها و متون بلکه روزنامه و مجله در ستون و سطرآنچنان که لازم است و برای شرایط فعلی تکنولوژی مورد نیاز و کاربردهای متنوع با هدف بهبود ابزارهای کاربردی می باشد. کتابهای زیادی در شصت و سه درصد گذشته، حال و آینده شناخت فراوان جامعه و متخصصان را می طلبد تا با نرم افزارها شناخت بیشتری را برای طراحان رایانه ای علی الخصوص طراحان خلاقی و فرهنگ پیشرو در زبان فارسی ایجاد کرد. در این صورت می توان امید داشت که تمام و دشواری موجود در ارائه راهکارها و شرایط سخت تایپ به پایان رسد وزمان مورد نیاز شامل حروفچینی دستاوردهای اصلی و جوابگوی سوالات پیوسته اهل دنیای موجود طراحی اساسا مورد استفاده قرار گیرد.</p>\r\n\r\n<p>لورم ایپسوم متن ساختگی با تولید سادگی نامفهوم از صنعت چاپ و با استفاده از طراحان گرافیک است. چاپگرها و متون بلکه روزنامه و مجله در ستون و سطرآنچنان که لازم است و برای شرایط فعلی تکنولوژی مورد نیاز و کاربردهای متنوع با هدف بهبود ابزارهای کاربردی می باشد. کتابهای زیادی در شصت و سه درصد گذشته، حال و آینده شناخت فراوان جامعه و متخصصان را می طلبد تا با نرم افزارها شناخت بیشتری را برای طراحان رایانه ای علی الخصوص طراحان خلاقی و فرهنگ پیشرو در زبان فارسی ایجاد کرد. در این صورت می توان امید داشت که تمام و دشواری موجود در ارائه راهکارها و شرایط سخت تایپ به پایان رسد وزمان مورد نیاز شامل حروفچینی دستاوردهای اصلی و جوابگوی سوالات پیوسته اهل دنیای موجود طراحی اساسا مورد استفاده قرار گیرد.</p>\r\n', 'بخش-اخبار', '2014-05-16 18:19:27', '2016-05-14 11:48:46'),
(8, 'شروع به کار', '<p>لورم ایپسوم متن ساختگی با تولید سادگی نامفهوم از صنعت چاپ و با استفاده از طراحان گرافیک است. چاپگرها و متون بلکه روزنامه و مجله در ستون و سطرآنچنان که لازم است و برای شرایط فعلی تکنولوژی مورد نیاز و کاربردهای متنوع با هدف بهبود ابزارهای کاربردی می باشد. کتابهای زیادی در شصت و سه درصد گذشته، حال و آینده شناخت فراوان جامعه و متخصصان را می طلبد تا با نرم افزارها شناخت بیشتری را برای طراحان رایانه ای علی الخصوص طراحان خلاقی و فرهنگ پیشرو در زبان فارسی ایجاد کرد. در این صورت می توان امید داشت که تمام و دشواری موجود در ارائه راهکارها و شرایط سخت تایپ به پایان رسد وزمان مورد نیاز شامل حروفچینی دستاوردهای اصلی و جوابگوی سوالات پیوسته اهل دنیای موجود طراحی اساسا مورد استفاده قرار گیرد.</p>\r\n\r\n<p>لورم ایپسوم متن ساختگی با تولید سادگی نامفهوم از صنعت چاپ و با استفاده از طراحان گرافیک است. چاپگرها و متون بلکه روزنامه و مجله در ستون و سطرآنچنان که لازم است و برای شرایط فعلی تکنولوژی مورد نیاز و کاربردهای متنوع با هدف بهبود ابزارهای کاربردی می باشد. کتابهای زیادی در شصت و سه درصد گذشته، حال و آینده شناخت فراوان جامعه و متخصصان را می طلبد تا با نرم افزارها شناخت بیشتری را برای طراحان رایانه ای علی الخصوص طراحان خلاقی و فرهنگ پیشرو در زبان فارسی ایجاد کرد. در این صورت می توان امید داشت که تمام و دشواری موجود در ارائه راهکارها و شرایط سخت تایپ به پایان رسد وزمان مورد نیاز شامل حروفچینی دستاوردهای اصلی و جوابگوی سوالات پیوسته اهل دنیای موجود طراحی اساسا مورد استفاده قرار گیرد.</p>\r\n', 'شروع-به-کار', '2014-05-16 18:25:59', '2016-05-14 11:48:29');

-- --------------------------------------------------------

--
-- Table structure for table `pages`
--

CREATE TABLE IF NOT EXISTS `pages` (
  `id` int(11) NOT NULL AUTO_INCREMENT,
  `title` varchar(50) COLLATE utf8mb4_persian_ci NOT NULL,
  `link` varchar(100) COLLATE utf8mb4_persian_ci NOT NULL,
  `created_at` datetime NOT NULL,
  `updated_at` datetime NOT NULL,
  PRIMARY KEY (`id`)
) ENGINE=InnoDB  DEFAULT CHARSET=utf8mb4 COLLATE=utf8mb4_persian_ci AUTO_INCREMENT=6 ;

--
-- Dumping data for table `pages`
--

INSERT INTO `pages` (`id`, `title`, `link`, `created_at`, `updated_at`) VALUES
(1, 'درباره ما', 'درباره-ما', '2014-03-10 19:28:02', '2014-04-20 06:00:43'),
(4, 'کوتاه درباره ما', 'کوتاه-درباره-ما', '2014-05-02 09:05:22', '2014-05-02 09:05:22'),
(5, 'راهنما رستوران', 'راهنمای-رستوران', '2014-05-03 07:22:35', '2014-05-03 07:22:35');

-- --------------------------------------------------------

--
-- Table structure for table `page_contents`
--

CREATE TABLE IF NOT EXISTS `page_contents` (
  `id` int(11) NOT NULL AUTO_INCREMENT,
  `title` varchar(50) COLLATE utf8mb4_persian_ci NOT NULL,
  `text` text COLLATE utf8mb4_persian_ci NOT NULL,
  `page_id` int(11) NOT NULL,
  `created_at` datetime NOT NULL,
  `updated_at` datetime NOT NULL,
  PRIMARY KEY (`id`)
) ENGINE=InnoDB  DEFAULT CHARSET=utf8mb4 COLLATE=utf8mb4_persian_ci AUTO_INCREMENT=5 ;

--
-- Dumping data for table `page_contents`
--

INSERT INTO `page_contents` (`id`, `title`, `text`, `page_id`, `created_at`, `updated_at`) VALUES
(1, 'درباره ما', '<p>لورم ایپسوم متن ساختگی با تولید سادگی نامفهوم از صنعت چاپ و با استفاده از طراحان گرافیک است. چاپگرها و متون بلکه روزنامه و مجله در ستون و سطرآنچنان که لازم است و برای شرایط فعلی تکنولوژی مورد نیاز و کاربردهای متنوع با هدف بهبود ابزارهای کاربردی می باشد. کتابهای زیادی در شصت و سه درصد گذشته، حال و آینده شناخت فراوان جامعه و متخصصان را می طلبد تا با نرم افزارها شناخت بیشتری را برای طراحان رایانه ای علی الخصوص طراحان خلاقی و فرهنگ پیشرو در زبان فارسی ایجاد کرد. در این صورت می توان امید داشت که تمام و دشواری موجود در ارائه راهکارها و شرایط سخت تایپ به پایان رسد وزمان مورد نیاز شامل حروفچینی دستاوردهای اصلی و جوابگوی سوالات پیوسته اهل دنیای موجود طراحی اساسا مورد استفاده قرار گیرد.</p>\r\n\r\n<p>لورم ایپسوم متن ساختگی با تولید سادگی نامفهوم از صنعت چاپ و با استفاده از طراحان گرافیک است. چاپگرها و متون بلکه روزنامه و مجله در ستون و سطرآنچنان که لازم است و برای شرایط فعلی تکنولوژی مورد نیاز و کاربردهای متنوع با هدف بهبود ابزارهای کاربردی می باشد. کتابهای زیادی در شصت و سه درصد گذشته، حال و آینده شناخت فراوان جامعه و متخصصان را می طلبد تا با نرم افزارها شناخت بیشتری را برای طراحان رایانه ای علی الخصوص طراحان خلاقی و فرهنگ پیشرو در زبان فارسی ایجاد کرد. در این صورت می توان امید داشت که تمام و دشواری موجود در ارائه راهکارها و شرایط سخت تایپ به پایان رسد وزمان مورد نیاز شامل حروفچینی دستاوردهای اصلی و جوابگوی سوالات پیوسته اهل دنیای موجود طراحی اساسا مورد استفاده قرار گیرد.</p>\r\n', 1, '2014-03-10 19:31:10', '2016-05-14 11:49:38'),
(3, 'کوتاه درباره ما', '<p>متنی کوتاه درباره سایت متنی کوتاه درباره سایت متنی کوتاه درباره سایت متنی کوتاه درباره سایت متنی کوتاه درباره سایت متنی کوتاه درباره سایت متنی کوتاه درباره سایت متنی کوتاه درباره سایت متنی کوتاه درباره سایت متنی کوتاه درباره سایت متنی کوتاه درباره سایت متنی کوتاه درباره سایت متنی کوتاه درباره سایت متنی کوتاه درباره سایت متنی کوتاه درباره سایت متنی کوتاه درباره سایت متنی کوتاه درباره سایت متنی کوتاه درباره سایت متنی کوتاه درباره سایت متنی کوتاه درباره سایت متنی کوتاه درباره سایت متنی کوتاه درباره سایت متنی کوتاه درباره سایت متنی کوتاه درباره سایت متنی کوتاه درباره سایت متنی کوتاه درباره سایت متنی کوتاه درباره سایت متنی کوتاه درباره سایت متنی کوتاه درباره سایت متنی کوتاه درباره سایت متنی کوتاه درباره سایت متنی کوتاه درباره سایت متنی کوتاه درباره سایت متنی کوتاه درباره سایت متنی کوتاه درباره سایت متنی کوتاه درباره سایت متنی کوتاه درباره سایت متنی کوتاه درباره سایت متنی کوتاه درباره سایت متنی کوتاه درباره سایت متنی کوتاه درباره سایت متنی کوتاه درباره سایت متنی کوتاه درباره سایت متنی کوتاه درباره سایت متنی کوتاه درباره سایت متنی کوتاه درباره سایت متنی کوتاه درباره سایت متنی کوتاه درباره سایت متنی کوتاه درباره سایت متنی کوتاه درباره سایت متنی کوتاه درباره سایت متنی کوتاه درباره سایت متنی کوتاه درباره سایت متنی کوتاه درباره سایت متنی کوتاه درباره سایت متنی کوتاه درباره سایت متنی کوتاه درباره سایت متنی کوتاه درباره سایت متنی کوتاه درباره سایت متنی کوتاه درباره سایت متنی کوتاه درباره سایت متنی کوتاه درباره سایت</p>\r\n', 4, '2014-05-02 09:05:49', '2014-05-02 09:05:49'),
(4, 'راهنمای رستوران', '<p>لورم ایپسوم متن ساختگی با تولید سادگی نامفهوم از صنعت چاپ و با استفاده از طراحان گرافیک است. چاپگرها و متون بلکه روزنامه و مجله در ستون و سطرآنچنان که لازم است و برای شرایط فعلی تکنولوژی مورد نیاز و کاربردهای متنوع با هدف بهبود ابزارهای کاربردی می باشد. کتابهای زیادی در شصت و سه درصد گذشته، حال و آینده شناخت فراوان جامعه و متخصصان را می طلبد تا با نرم افزارها شناخت بیشتری را برای طراحان رایانه ای علی الخصوص طراحان خلاقی و فرهنگ پیشرو در زبان فارسی ایجاد کرد. در این صورت می توان امید داشت که تمام و دشواری موجود در ارائه راهکارها و شرایط سخت تایپ به پایان رسد وزمان مورد نیاز شامل حروفچینی دستاوردهای اصلی و جوابگوی سوالات پیوسته اهل دنیای موجود طراحی اساسا مورد استفاده قرار گیرد.</p>\r\n\r\n<p>لورم ایپسوم متن ساختگی با تولید سادگی نامفهوم از صنعت چاپ و با استفاده از طراحان گرافیک است. چاپگرها و متون بلکه روزنامه و مجله در ستون و سطرآنچنان که لازم است و برای شرایط فعلی تکنولوژی مورد نیاز و کاربردهای متنوع با هدف بهبود ابزارهای کاربردی می باشد. کتابهای زیادی در شصت و سه درصد گذشته، حال و آینده شناخت فراوان جامعه و متخصصان را می طلبد تا با نرم افزارها شناخت بیشتری را برای طراحان رایانه ای علی الخصوص طراحان خلاقی و فرهنگ پیشرو در زبان فارسی ایجاد کرد. در این صورت می توان امید داشت که تمام و دشواری موجود در ارائه راهکارها و شرایط سخت تایپ به پایان رسد وزمان مورد نیاز شامل حروفچینی دستاوردهای اصلی و جوابگوی سوالات پیوسته اهل دنیای موجود طراحی اساسا مورد استفاده قرار گیرد.</p>\r\n', 5, '2014-05-03 07:23:05', '2016-05-14 11:49:53');

-- --------------------------------------------------------

--
-- Table structure for table `places`
--

CREATE TABLE IF NOT EXISTS `places` (
  `id` int(11) NOT NULL AUTO_INCREMENT,
  `title` varchar(100) COLLATE utf8mb4_persian_ci NOT NULL,
  `address` varchar(200) COLLATE utf8mb4_persian_ci NOT NULL,
  `tel` int(11) NOT NULL,
  `fax` int(11) NOT NULL,
  `mobile` int(11) NOT NULL,
  `site` varchar(50) COLLATE utf8mb4_persian_ci NOT NULL,
  `lat` float(10,6) NOT NULL,
  `long` float(10,6) NOT NULL,
  `categories` varchar(50) COLLATE utf8mb4_persian_ci NOT NULL,
  `url` varchar(80) COLLATE utf8mb4_persian_ci NOT NULL,
  `cover` varchar(50) COLLATE utf8mb4_persian_ci NOT NULL,
  `logo` varchar(50) COLLATE utf8mb4_persian_ci NOT NULL,
  `publish` enum('n','y') COLLATE utf8mb4_persian_ci NOT NULL DEFAULT 'n',
  `created_by` varchar(20) COLLATE utf8mb4_persian_ci NOT NULL,
  `created_at` datetime NOT NULL,
  `updated_at` datetime NOT NULL,
  PRIMARY KEY (`id`)
) ENGINE=InnoDB  DEFAULT CHARSET=utf8mb4 COLLATE=utf8mb4_persian_ci AUTO_INCREMENT=98 ;

--
-- Dumping data for table `places`
--

INSERT INTO `places` (`id`, `title`, `address`, `tel`, `fax`, `mobile`, `site`, `lat`, `long`, `categories`, `url`, `cover`, `logo`, `publish`, `created_by`, `created_at`, `updated_at`) VALUES
(72, 'رستوران خوان سالار', ' تهران ميدان آرژانتين خيابان الوند پلاك 22', 8788764, 0, 0, 'khansalarrestaurant.com', 35.722458, 51.365570, ',28,29,31,32', 'رستوران-خوان-سالار', '72-1463226038.jpg', '72-1463226038.jpg', 'y', 'admin', '2014-03-10 16:14:00', '2016-05-14 11:40:51'),
(73, 'رستوران رفتاری', 'سعادت آباد، خیابان علامه جنوبی، مجتمع طوس، طبقه ۸، رستوران رفتاری', 22769497, 0, 0, '', 35.776543, 51.381653, ',28,30,31,33', 'رستوران-رفتاری', '73-1463225843.jpg', '73-1463225744.JPG', 'y', 'admin', '2014-03-10 16:33:43', '2016-05-14 11:37:34'),
(74, 'رستوران جوجه طلایی', 'نارمک، خیابان دردشت، بین خیابان ۴۸ و ۵۰، پلاک ۶۸، رستوران جوجه طلایی', 32154889, 0, 0, 'joojetalaee.com', 35.713562, 51.359917, ',31,32,33', 'رستوران-جوجه-طلایی', '74-1463225548.jpg', '74-1463225513.jpg', 'y', 'admin', '2014-03-10 16:35:17', '2016-05-14 11:32:32'),
(77, 'فست فود ماچارتا', 'یوسف آباد، خیابان ابن سینا، پایین تر از کوچه ۲۳، پلاک ۶۹، فست فود ماچارتا', 0, 3, 0, '', 35.722073, 51.404991, ',28,29,30', 'فست-فود-ماچارتا', '77-1463224564.jpg', '77-1463224554.jpg', 'y', 'admin', '2014-03-10 19:10:10', '2016-05-14 11:16:17'),
(83, 'کترینگ نون و ماست ', 'ابتدای مطهری، روبروی هتل تهران، جنب شیرینی عسل، پ ۴۷۲، کترینگ نون و ماست (مطهری)', 0, 0, 0, '', 35.720024, 51.335217, ',29,33', 'کترینگ-نون-و-ماست', '83-1463225210.jpg', '83-1463225210.jpg', 'y', 'admin', '2014-04-05 05:51:10', '2016-05-14 11:26:53'),
(89, 'رستوران پدر خوب', 'کیلومتر 17 اتوبان تهران-کرج، خیابان داروپخش، انتهای خیابان هشتم، پلاک 4و 6 ', 44992890, 0, 44992889, 'site.irpedarekhoob.com', 35.733746, 51.146851, ',28,29,30', 'رستوران-پدر-خوب-۲', '89-1463224895.JPG', '89-1463224905.JPG', 'y', 'admin', '2014-04-11 17:10:48', '2016-05-14 11:21:55'),
(92, 'رستوران ایرانی اصل جوان', 'گیشا، نبش خیابان ۲۷، رستوران اصل جوان', 0, 0, 0, '', 35.736000, 377.000000, ',28,29,31,33', 'رستوران-اصل-جوان', '92-1463223880.jpg', '92-1463223880.jpg', 'y', 'admin', '2014-04-13 19:29:12', '2016-05-14 11:05:14'),
(93, 'رستوران هانی', 'میدان قدس، به طرف نیاوران، نرسیده به دو راهی دزاشیب، جنب کوچه صادقی، پلاک ۴۶۰، رستوران هانی دزاشیب', 33545384, 0, 0, 'hanitarighat.com', 35.806175, 51.435703, ',28,29,30,31,32', 'رستوران-هانی-۲', '93-1463223412.jpg', '93-1463223412.jpg', 'y', 'admin', '2014-04-14 05:34:11', '2016-05-14 10:57:09'),
(94, 'رستوران سیکا', 'بلوارکشاورز، نبش خیابان قدس، روبروی پلاک لاله، پلاک ۲۲۲', 0, 0, 0, 'sikafastfood.ir', 35.710068, 51.399635, ',28,29,30', 'رستوران-سیکا-شعبه-۱', '94-1463224187.jpg', '94-1463224187.jpg', 'y', 'مدیر', '2014-04-14 05:57:54', '2016-05-14 11:10:02'),
(95, 'رستوران افق', 'خیابان ولیعصر، بالاتر از جام جم، کوچه مهری، نبش مژگان ', 26210704, 0, 26210703, 'ofogh.ir', 0.000000, 0.000000, ',28,29,30,31,32', 'رستوران-افق', '95-1463222909.jpg', '95-1463222909.jpg', 'y', 'مدیر', '2014-04-19 06:08:52', '2016-05-14 10:48:32'),
(96, 'رستوران خلیج فارس', 'یوسف آباد، خیابان جهان آرا، انتهای کوچه 51، سمت راست، خیابان پارس', 88053230, 0, 88053229, 'parsgulf.ir', 35.740288, 10000.000000, ',28,29', 'رستوران-خلیج-فارس-۲', '96-1463222149.png', '96-1463222180.png', 'y', 'مدیر', '2014-05-03 07:10:33', '2016-05-14 10:37:15'),
(97, 'رستوران آسمان آبی', '', 0, 0, 0, '', 0.000000, 0.000000, ',31,32', 'رستوران-آسمان-آبی', '', '', 'n', 'Admin', '2016-05-14 11:44:38', '0000-00-00 00:00:00');

-- --------------------------------------------------------

--
-- Table structure for table `place_categories`
--

CREATE TABLE IF NOT EXISTS `place_categories` (
  `id` int(11) NOT NULL AUTO_INCREMENT,
  `place_id` int(11) NOT NULL,
  `category_id` int(11) NOT NULL,
  PRIMARY KEY (`id`)
) ENGINE=InnoDB  DEFAULT CHARSET=utf8mb4 COLLATE=utf8mb4_persian_ci AUTO_INCREMENT=183 ;

--
-- Dumping data for table `place_categories`
--

INSERT INTO `place_categories` (`id`, `place_id`, `category_id`) VALUES
(34, 75, 33),
(35, 76, 32),
(36, 76, 33),
(39, 78, 28),
(40, 78, 33),
(41, 79, 29),
(44, 81, 28),
(45, 82, 28),
(46, 82, 29),
(56, 80, 29),
(57, 80, 31),
(76, 88, 28),
(77, 88, 33),
(84, 91, 28),
(85, 91, 29),
(86, 91, 30),
(140, 96, 28),
(141, 96, 29),
(142, 95, 28),
(143, 95, 29),
(144, 95, 30),
(145, 95, 31),
(146, 95, 32),
(147, 93, 28),
(148, 93, 29),
(149, 93, 30),
(150, 93, 31),
(151, 93, 32),
(152, 92, 28),
(153, 92, 29),
(154, 92, 31),
(155, 92, 33),
(156, 94, 28),
(157, 94, 29),
(158, 94, 30),
(159, 77, 28),
(160, 77, 29),
(161, 77, 30),
(165, 89, 28),
(166, 89, 29),
(167, 89, 30),
(168, 83, 29),
(169, 83, 33),
(170, 74, 31),
(171, 74, 32),
(172, 74, 33),
(173, 73, 28),
(174, 73, 30),
(175, 73, 31),
(176, 73, 33),
(177, 72, 28),
(178, 72, 29),
(179, 72, 31),
(180, 72, 32),
(181, 97, 31),
(182, 97, 32);

-- --------------------------------------------------------

--
-- Table structure for table `place_definitions`
--

CREATE TABLE IF NOT EXISTS `place_definitions` (
  `id` int(11) NOT NULL AUTO_INCREMENT,
  `place_id` int(11) NOT NULL,
  `value_id` int(11) NOT NULL,
  PRIMARY KEY (`id`)
) ENGINE=InnoDB  DEFAULT CHARSET=utf8mb4 COLLATE=utf8mb4_persian_ci AUTO_INCREMENT=108 ;

--
-- Dumping data for table `place_definitions`
--

INSERT INTO `place_definitions` (`id`, `place_id`, `value_id`) VALUES
(62, 80, 2),
(63, 80, 5),
(64, 80, 7),
(72, 96, 1),
(73, 96, 5),
(74, 96, 7),
(75, 96, 10),
(76, 93, 3),
(77, 93, 6),
(78, 93, 8),
(79, 93, 10),
(80, 92, 2),
(81, 92, 4),
(82, 92, 7),
(83, 94, 1),
(84, 94, 5),
(85, 94, 8),
(86, 94, 10),
(87, 77, 2),
(88, 77, 5),
(89, 77, 8),
(90, 77, 10),
(91, 89, 3),
(92, 89, 5),
(93, 89, 8),
(94, 89, 10),
(95, 83, 1),
(96, 83, 4),
(97, 83, 7),
(98, 83, 8),
(99, 74, 2),
(100, 74, 4),
(101, 74, 7),
(102, 73, 3),
(103, 73, 4),
(104, 73, 8),
(105, 72, 3),
(106, 72, 6),
(107, 72, 7);

-- --------------------------------------------------------

--
-- Table structure for table `place_fields`
--

CREATE TABLE IF NOT EXISTS `place_fields` (
  `id` int(11) NOT NULL AUTO_INCREMENT,
  `description` varchar(255) COLLATE utf8mb4_persian_ci NOT NULL,
  `field_id` int(11) NOT NULL,
  `place_id` int(11) NOT NULL,
  PRIMARY KEY (`id`)
) ENGINE=InnoDB  DEFAULT CHARSET=utf8mb4 COLLATE=utf8mb4_persian_ci AUTO_INCREMENT=241 ;

--
-- Dumping data for table `place_fields`
--

INSERT INTO `place_fields` (`id`, `description`, `field_id`, `place_id`) VALUES
(143, 'شاید', 4, 72),
(144, 'نه', 6, 72),
(145, 'اصلا', 13, 72),
(149, 'دارد', 4, 77),
(150, 'ندارد', 6, 77),
(151, 'دارد', 13, 77),
(156, 'ب', 4, 80),
(157, 'ندارد', 6, 80),
(158, 'دارد', 4, 73),
(159, 'دارد', 6, 73),
(169, 'دارد', 4, 83),
(170, 'ندارد', 6, 83),
(171, '20', 7, 83),
(172, '11-23', 8, 83),
(173, 'دارد', 9, 83),
(174, '10٪', 10, 83),
(175, 'دارد', 11, 83),
(176, 'دارد', 12, 83),
(177, 'ندارد', 13, 83),
(178, 'دارد', 4, 96),
(179, 'ندارد', 6, 96),
(180, '20', 7, 96),
(181, '12 تا 1', 8, 96),
(182, 'دارد', 9, 96),
(183, 'دارد', 10, 96),
(184, 'دارد', 11, 96),
(185, 'دارد', 12, 96),
(186, 'دارد', 13, 96),
(187, 'دارد', 4, 95),
(188, 'دارد', 6, 95),
(189, '12', 7, 95),
(190, '8 تا 12', 8, 95),
(191, 'دارد', 9, 95),
(192, 'دارد', 10, 95),
(193, 'دارد', 11, 95),
(194, 'دارد', 12, 95),
(195, 'ندارد', 13, 95),
(196, 'دارد', 4, 93),
(197, 'ندارد', 6, 93),
(198, '30', 7, 93),
(199, '9 تا ۱', 8, 93),
(200, 'دارد', 9, 93),
(201, 'دارد', 10, 93),
(202, 'ندارد', 11, 93),
(203, 'دارد', 12, 93),
(204, 'دارد', 13, 93),
(205, 'دارد', 4, 92),
(206, 'ندارد', 6, 92),
(207, '۱۰', 7, 92),
(208, '12 تا ۱', 8, 92),
(209, 'ندارد', 9, 92),
(210, 'دارد', 10, 92),
(211, 'ندارد', 11, 92),
(212, 'دارد', 12, 92),
(213, 'دارد', 13, 92),
(214, 'دارد', 4, 94),
(215, 'ندارد', 6, 94),
(216, '25', 7, 94),
(217, '12 تا ۲', 8, 94),
(218, 'ندارد', 9, 94),
(219, 'دارد', 10, 94),
(220, 'ندارد', 11, 94),
(221, 'دارد', 12, 94),
(222, 'دارد', 13, 94),
(223, 'دارد', 4, 89),
(224, 'ندارد', 6, 89),
(225, '25', 7, 89),
(226, '۱۰ تا ۱۲', 8, 89),
(227, 'دارد', 9, 89),
(228, 'دارد', 10, 89),
(229, 'ندارد', 11, 89),
(230, 'دارد', 12, 89),
(231, 'دارد', 13, 89),
(232, 'ندارد', 4, 74),
(233, 'ندارد', 6, 74),
(234, '0', 7, 74),
(235, '۱۱-۱۲', 8, 74),
(236, 'دارد', 9, 74),
(237, 'ندارد', 10, 74),
(238, 'ندارد', 11, 74),
(239, 'دارد', 12, 74),
(240, 'دارد', 13, 74);

-- --------------------------------------------------------

--
-- Table structure for table `place_menu_categories`
--

CREATE TABLE IF NOT EXISTS `place_menu_categories` (
  `id` int(11) NOT NULL AUTO_INCREMENT,
  `title` varchar(50) COLLATE utf8mb4_persian_ci NOT NULL,
  `place_id` int(11) NOT NULL,
  PRIMARY KEY (`id`)
) ENGINE=InnoDB  DEFAULT CHARSET=utf8mb4 COLLATE=utf8mb4_persian_ci AUTO_INCREMENT=39 ;

--
-- Dumping data for table `place_menu_categories`
--

INSERT INTO `place_menu_categories` (`id`, `title`, `place_id`) VALUES
(18, 'دسرها', 72),
(19, 'غذاهای گرمی', 72),
(20, 'دسرها', 77),
(21, 'دسته اصلی', 80),
(22, 'دسرها', 80),
(23, 'غذاهای ایرانی', 83),
(24, 'پیش غذا', 83),
(25, 'سوپ و سالاد', 83),
(26, 'اصلی', 89),
(27, 'غذای اصلی', 96),
(28, 'پیش غذا', 96),
(29, 'غذای مکزیکی', 95),
(30, 'غذای فرنگی', 95),
(31, 'پیتزا', 95),
(32, 'نوشیدنی', 95),
(33, 'چلوکباب', 93),
(34, 'چلوکباب', 92),
(35, 'خوراک‌ها', 92),
(36, 'غذای روز', 92),
(37, 'پیتزاها', 77),
(38, 'اصلی', 74);

-- --------------------------------------------------------

--
-- Table structure for table `place_menu_items`
--

CREATE TABLE IF NOT EXISTS `place_menu_items` (
  `id` int(11) NOT NULL AUTO_INCREMENT,
  `title` varchar(50) COLLATE utf8mb4_persian_ci NOT NULL,
  `price` varchar(20) COLLATE utf8mb4_persian_ci NOT NULL,
  `description` varchar(100) COLLATE utf8mb4_persian_ci NOT NULL,
  `menu_cat_id` int(11) NOT NULL,
  PRIMARY KEY (`id`)
) ENGINE=InnoDB  DEFAULT CHARSET=utf8mb4 COLLATE=utf8mb4_persian_ci AUTO_INCREMENT=79 ;

--
-- Dumping data for table `place_menu_items`
--

INSERT INTO `place_menu_items` (`id`, `title`, `price`, `description`, `menu_cat_id`) VALUES
(8, 'سالاد فصل', '4500', '', 18),
(9, 'سالاد سزار', '6500', '', 18),
(10, 'همبرگر', '7700', '', 19),
(11, 'سالاد', '50000', '', 20),
(12, 'چلوکباب سبز', '25000 ریال', '', 23),
(13, 'جوجه با استخوان', '250000 ریال', '', 23),
(14, 'جوجه ۵ ستاره', '220000 ریال', '', 23),
(15, 'گراتن مرغ', '150000 ریال', '', 24),
(16, 'نان سیر', '100000 ریال', '', 24),
(17, 'فیلادلفیا', '200000 ریال', '', 24),
(18, 'میکس بورانی', '190000 ریال', '', 24),
(19, 'کباب لاری', '380000 ریال', '', 23),
(20, 'سوپ روز', '12000 ریال', '', 25),
(21, 'سالاد فصل', '10000 ریال', '', 25),
(23, 'استیک گوشت', '45000', 'فیله گوساله گریل شده بروی فریب سیب‌زمینی، سرو با سس، قارچ و فلفل', 27),
(24, 'رست بیف', '35000', 'فرنچ رپ، سه برش از فیله گوساله تفت داده شده در کره، سس بلو جیز', 27),
(25, 'چیکن پارمیسان', '32000', 'سینه مرغ گریل شده، پنیر میکس، سس مارانیا', 27),
(26, 'استیک فیله مینیوم', '40000', 'فیله گوساله مزه دار شده با سس فلفل', 27),
(27, 'سالاد سزار', '10000', '', 28),
(28, 'سالاد یونانی', '11000', '', 28),
(29, 'سیب زمینی تنوری', '10000', '', 28),
(30, 'سوپ روز', '6000', '', 28),
(31, 'مرغ مکزیکی', '42000', 'سینه مرغ کبابی، ادویه جات مکزیکی، سس سالسا، در چدن', 29),
(32, 'فاهیتای گوشت', '65000', 'گوشت گوساله گریل شده، سبزیجات تازه، برنج، لوبیای مکزیکی، طبخ شده در چدن', 29),
(33, 'اینچیلادای مرغ', '40000', 'نان ذرت رول شده، سینه مرغ، پنیر چدار، سس اینچیلادای', 29),
(34, 'بوریتو گوشت', '53000', 'نان ذرت رول شده، تکه های گوشت گوساله، لوبیا، پنیر چدار', 29),
(35, 'چیمی چانگا', '43000', 'نان ذرت سرخ شده، مرغ، لوبیا، پنیر چدار', 29),
(36, 'بیف استیک', '68000', ' با سس قارچ', 30),
(37, 'سالمون استیک ', '58000', 'با سس خامه و لیمو', 30),
(38, 'پیتزا مکزیکی مرغ', '30000', 'تکه های مرغ، سبزیجات تازه، سس سالسا، نان مکزیکی', 31),
(39, 'پیتزا سبزیجات', '27000', 'سبزیجات تازه، ادویه های مخصوص مکزیکی، پنیر', 31),
(40, 'نوشابه', '2500', '', 32),
(41, 'دلستر', '9000', '', 32),
(42, 'باواریا بلند', '10000', '', 32),
(43, 'آب معدنی', '1000', '', 32),
(44, 'چلو کباب سلطانی', '39000', '1 سیخ برگ 140 گرمی به همراه 1 سیخ لقمه 200 گرمی', 33),
(45, 'چلو کباب برگ مخصوص گلدار', '31000', '180 تا 200 گرم گوشت گوسفندی', 33),
(46, 'کباب برگ مخصوص گلدار اضافه', '29000', '180 تا 200 گرم گوشت گوسفندی', 33),
(47, 'چلو کباب برگ', '24000', '140 گرم گوشت گوسفندی', 33),
(48, 'کباب برگ اضافه', '22500', '140 گرم گوشت گوسفندی', 33),
(49, 'جوجه کباب با استخوان با برنج', '21000', '', 33),
(50, 'جوجه کباب با استخوان با مخلفات', '19500', '', 33),
(51, 'چلو جوجه کباب مخصوص بدون استخوان', '17500', '270 تا 300 گرم (بین 5 تا 7 تکه متوسط با برنج)', 33),
(52, 'چلو کباب لقمه مخصوص', '16500', '200 گرم گوشت گوسفندی', 33),
(53, 'چلو فیله کباب (چنجه)', '42000', 'برنج 100درصد ایرانی، 250گرم فیله (بره یا گوسفند)', 34),
(54, 'چلو کباب بره', '42000', '', 34),
(55, 'چلو کباب سلطانی اصل جوان', '37000', 'برنج 100درصد ایرانی، 180 گرم برگ، 100 گرم کوبیده', 34),
(56, 'چلو کباب برگ مخصوص ( گوسفندی)', '23000', 'برنج 100درصد ایرانی،1سیخ 120گرم گوشت راسته گوسفند', 34),
(57, 'خوراک فیله کباب (چنجه)', '38500', '', 35),
(58, 'خوراک کباب برگ مخصوص اصل جوان', '28500', '1 عدد گوجه، 1سیخ 120گرم گوشت راسته گوسفند', 35),
(59, 'خوراک کباب بره', '38500', '', 35),
(60, 'خوراک کباب برگ مخصوص ( گوسفندی)', '19500', '1 عدد گوجه، 1سیخ 180گرم گوشت راسته گوسفند', 35),
(61, 'زرشک پلو با مرغ', '12500', '', 36),
(62, 'چلو خورشت قیمه سیب زمینی', '10000', '', 36),
(63, 'پیتزا ماچارتا (مربعی 20 سانتی)', '18000', 'ترکیبی از چهار پیتزا (تاکینو، پپرونی، فرانکفورتر، ماچیناتو)', 37),
(64, 'پیتزا کاپری چوزا (مربعی 20 سانتی)', '15500', 'پنیر موزارلا، قارچ، ژامبون گوشت و مرغ، زیتون سیاه، سس گوجه مخصوص', 37),
(65, 'پیتزا فرانکفورتر (مربعی 20 سانتی)', '15000', 'پنیر موزارلا، سوسیس فرانکفورتر، قارچ، فلفل دلمه ای رنگی', 37),
(66, 'پیتزا ماشروم (مربعی 20 سانتی)', '15000', 'پنیر موزارلا، قارچ فراوان، پنیر پارمسان، زیتون سیاه، سس گوجه', 37),
(67, 'پیتزا رست بیف (مربعی 20 سانتی)', '21000', 'پنیر موتزارلا، مغز ران گوساله، قارچ، پیاز،فلفل دلمه ای، سس گوجه مخصوص', 37),
(68, 'سالاد مخصوص ماچارتا', '12500', '', 20),
(69, 'سیب زمینی ویژه ', '11500', '', 20),
(70, 'پیتزا سبزیجات', '25000', '', 26),
(71, 'سوخاری ۲ تیکه', '15000', '', 26),
(72, 'سوخاری 3 تیکه', '25000', '', 26),
(73, 'پیتزا پپرونی', '25000', '', 26),
(74, 'پیتزا مخلوط', '30000', '', 26),
(75, 'پیتزا مخصوص', '35000', '', 26),
(76, 'اکبرجوجه با چلو', '14200', 'پلو، جوجه طلایی', 38),
(77, 'اکبرجوجه بدون چلو', '11500', 'جوجه طلایی', 38),
(78, 'چلو', '2700', '', 38);

-- --------------------------------------------------------

--
-- Table structure for table `place_pictures`
--

CREATE TABLE IF NOT EXISTS `place_pictures` (
  `id` int(11) NOT NULL AUTO_INCREMENT,
  `title` varchar(50) COLLATE utf8mb4_persian_ci NOT NULL,
  `picture` varchar(50) COLLATE utf8mb4_persian_ci NOT NULL,
  `place_id` int(11) NOT NULL,
  `created_at` datetime NOT NULL,
  `updated_at` datetime NOT NULL,
  PRIMARY KEY (`id`)
) ENGINE=InnoDB  DEFAULT CHARSET=utf8mb4 COLLATE=utf8mb4_persian_ci AUTO_INCREMENT=97 ;

--
-- Dumping data for table `place_pictures`
--

INSERT INTO `place_pictures` (`id`, `title`, `picture`, `place_id`, `created_at`, `updated_at`) VALUES
(29, '', '80-1394876426.jpg', 80, '0000-00-00 00:00:00', '0000-00-00 00:00:00'),
(30, '', '80-1394876438.jpg', 80, '0000-00-00 00:00:00', '0000-00-00 00:00:00'),
(51, '', '96-1463222149.png', 96, '0000-00-00 00:00:00', '0000-00-00 00:00:00'),
(52, '', '96-1463222167.png', 96, '0000-00-00 00:00:00', '0000-00-00 00:00:00'),
(53, '', '96-1463222180.png', 96, '0000-00-00 00:00:00', '0000-00-00 00:00:00'),
(54, '', '96-1463222206.png', 96, '0000-00-00 00:00:00', '0000-00-00 00:00:00'),
(55, '', '96-1463222220.png', 96, '0000-00-00 00:00:00', '0000-00-00 00:00:00'),
(56, '', '95-1463222909.jpg', 95, '0000-00-00 00:00:00', '0000-00-00 00:00:00'),
(57, '', '95-1463222917.jpg', 95, '0000-00-00 00:00:00', '0000-00-00 00:00:00'),
(58, '', '95-1463222922.jpg', 95, '0000-00-00 00:00:00', '0000-00-00 00:00:00'),
(59, '', '93-1463223401.jpg', 93, '0000-00-00 00:00:00', '0000-00-00 00:00:00'),
(60, '', '93-1463223405.jpg', 93, '0000-00-00 00:00:00', '0000-00-00 00:00:00'),
(61, '', '93-1463223408.jpg', 93, '0000-00-00 00:00:00', '0000-00-00 00:00:00'),
(62, '', '93-1463223412.jpg', 93, '0000-00-00 00:00:00', '0000-00-00 00:00:00'),
(63, '', '93-1463223415.jpg', 93, '0000-00-00 00:00:00', '0000-00-00 00:00:00'),
(64, '', '93-1463223418.jpg', 93, '0000-00-00 00:00:00', '0000-00-00 00:00:00'),
(65, '', '92-1463223877.jpg', 92, '0000-00-00 00:00:00', '0000-00-00 00:00:00'),
(66, '', '92-1463223880.jpg', 92, '0000-00-00 00:00:00', '0000-00-00 00:00:00'),
(67, '', '92-1463223883.jpg', 92, '0000-00-00 00:00:00', '0000-00-00 00:00:00'),
(68, '', '92-1463223891.jpg', 92, '0000-00-00 00:00:00', '0000-00-00 00:00:00'),
(69, '', '94-1463224187.jpg', 94, '0000-00-00 00:00:00', '0000-00-00 00:00:00'),
(70, '', '94-1463224190.jpg', 94, '0000-00-00 00:00:00', '0000-00-00 00:00:00'),
(71, '', '94-1463224192.jpg', 94, '0000-00-00 00:00:00', '0000-00-00 00:00:00'),
(72, '', '77-1463224551.jpg', 77, '0000-00-00 00:00:00', '0000-00-00 00:00:00'),
(73, '', '77-1463224554.jpg', 77, '0000-00-00 00:00:00', '0000-00-00 00:00:00'),
(74, '', '77-1463224557.jpg', 77, '0000-00-00 00:00:00', '0000-00-00 00:00:00'),
(75, '', '77-1463224561.jpg', 77, '0000-00-00 00:00:00', '0000-00-00 00:00:00'),
(76, '', '77-1463224564.jpg', 77, '0000-00-00 00:00:00', '0000-00-00 00:00:00'),
(77, '', '89-1463224895.JPG', 89, '0000-00-00 00:00:00', '0000-00-00 00:00:00'),
(78, '', '89-1463224899.JPG', 89, '0000-00-00 00:00:00', '0000-00-00 00:00:00'),
(79, '', '89-1463224902.JPG', 89, '0000-00-00 00:00:00', '0000-00-00 00:00:00'),
(80, '', '89-1463224905.JPG', 89, '0000-00-00 00:00:00', '0000-00-00 00:00:00'),
(81, '', '89-1463224908.JPG', 89, '0000-00-00 00:00:00', '0000-00-00 00:00:00'),
(82, '', '83-1463225200.jpg', 83, '0000-00-00 00:00:00', '0000-00-00 00:00:00'),
(83, '', '83-1463225203.jpg', 83, '0000-00-00 00:00:00', '0000-00-00 00:00:00'),
(84, '', '83-1463225206.jpg', 83, '0000-00-00 00:00:00', '0000-00-00 00:00:00'),
(85, '', '83-1463225210.jpg', 83, '0000-00-00 00:00:00', '0000-00-00 00:00:00'),
(86, '', '74-1463225513.jpg', 74, '0000-00-00 00:00:00', '0000-00-00 00:00:00'),
(87, '', '74-1463225548.jpg', 74, '0000-00-00 00:00:00', '0000-00-00 00:00:00'),
(88, '', '73-1463225741.jpg', 73, '0000-00-00 00:00:00', '0000-00-00 00:00:00'),
(89, '', '73-1463225744.JPG', 73, '0000-00-00 00:00:00', '0000-00-00 00:00:00'),
(90, '', '73-1463225778.jpg', 73, '0000-00-00 00:00:00', '0000-00-00 00:00:00'),
(91, '', '73-1463225843.jpg', 73, '0000-00-00 00:00:00', '0000-00-00 00:00:00'),
(92, '', '73-1463225848.jpg', 73, '0000-00-00 00:00:00', '0000-00-00 00:00:00'),
(93, '', '72-1463226034.jpg', 72, '0000-00-00 00:00:00', '0000-00-00 00:00:00'),
(94, '', '72-1463226038.jpg', 72, '0000-00-00 00:00:00', '0000-00-00 00:00:00'),
(95, '', '72-1463226041.jpg', 72, '0000-00-00 00:00:00', '0000-00-00 00:00:00'),
(96, '', '72-1463226046.jpg', 72, '0000-00-00 00:00:00', '0000-00-00 00:00:00');

-- --------------------------------------------------------

--
-- Table structure for table `settings`
--

CREATE TABLE IF NOT EXISTS `settings` (
  `id` int(11) NOT NULL AUTO_INCREMENT,
  `name` varchar(50) COLLATE utf8_persian_ci NOT NULL,
  `value` varchar(5) COLLATE utf8_persian_ci NOT NULL,
  PRIMARY KEY (`id`)
) ENGINE=InnoDB  DEFAULT CHARSET=utf8 COLLATE=utf8_persian_ci AUTO_INCREMENT=2 ;

--
-- Dumping data for table `settings`
--

INSERT INTO `settings` (`id`, `name`, `value`) VALUES
(1, 'home_intro', 'n');

-- --------------------------------------------------------

--
-- Table structure for table `stat_fav`
--

CREATE TABLE IF NOT EXISTS `stat_fav` (
  `id` int(11) NOT NULL AUTO_INCREMENT,
  `place_id` int(11) NOT NULL,
  `user_id` int(11) NOT NULL,
  PRIMARY KEY (`id`)
) ENGINE=InnoDB  DEFAULT CHARSET=utf8 COLLATE=utf8_persian_ci AUTO_INCREMENT=95 ;

--
-- Dumping data for table `stat_fav`
--

INSERT INTO `stat_fav` (`id`, `place_id`, `user_id`) VALUES
(5, 73, 11),
(6, 74, 11),
(10, 83, 10),
(11, 74, 10),
(12, 72, 10),
(13, 73, 10),
(14, 77, 10),
(51, 89, 10),
(69, 77, 11),
(71, 89, 11),
(88, 89, 7),
(91, 83, 7),
(92, 83, 11),
(93, 89, 13),
(94, 73, 7);

-- --------------------------------------------------------

--
-- Table structure for table `stat_rate`
--

CREATE TABLE IF NOT EXISTS `stat_rate` (
  `id` int(11) NOT NULL AUTO_INCREMENT,
  `place_id` int(11) NOT NULL,
  `user_id` int(11) NOT NULL,
  `food` int(11) NOT NULL,
  `service` int(11) NOT NULL,
  `space` int(11) NOT NULL,
  `location` int(11) NOT NULL,
  `counter` int(11) NOT NULL,
  `total` int(11) NOT NULL,
  PRIMARY KEY (`id`)
) ENGINE=InnoDB  DEFAULT CHARSET=utf8mb4 COLLATE=utf8mb4_persian_ci AUTO_INCREMENT=18 ;

--
-- Dumping data for table `stat_rate`
--

INSERT INTO `stat_rate` (`id`, `place_id`, `user_id`, `food`, `service`, `space`, `location`, `counter`, `total`) VALUES
(7, 83, 0, 1, 2, 2, 0, 6, 0),
(8, 83, 11, 2, 0, 5, 2, 0, 0),
(9, 89, 11, 5, 4, 3, 3, 0, 0),
(10, 77, 11, 1, 5, 3, 2, 0, 0),
(11, 89, 7, 5, 5, 5, 5, 0, 0),
(12, 83, 7, 5, 5, 5, 5, 0, 0),
(13, 89, 12, 2, 3, 5, 2, 0, 0),
(14, 89, 10, 1, 4, 2, 4, 0, 0),
(15, 89, 13, 0, 5, 5, 0, 0, 0),
(16, 73, 7, 0, 0, 0, 5, 0, 0),
(17, 93, 7, 0, 5, 5, 0, 0, 0);

-- --------------------------------------------------------

--
-- Table structure for table `stat_visit`
--

CREATE TABLE IF NOT EXISTS `stat_visit` (
  `id` int(11) NOT NULL AUTO_INCREMENT,
  `place_id` int(11) NOT NULL,
  `visit` int(11) NOT NULL,
  PRIMARY KEY (`id`)
) ENGINE=InnoDB  DEFAULT CHARSET=utf8mb4 COLLATE=utf8mb4_persian_ci AUTO_INCREMENT=13 ;

--
-- Dumping data for table `stat_visit`
--

INSERT INTO `stat_visit` (`id`, `place_id`, `visit`) VALUES
(1, 83, 659),
(3, 77, 49),
(4, 73, 17),
(5, 72, 36),
(6, 74, 11),
(7, 89, 583),
(8, 95, 17),
(9, 96, 22),
(10, 94, 2),
(11, 93, 6),
(12, 92, 1);

-- --------------------------------------------------------

--
-- Table structure for table `types`
--

CREATE TABLE IF NOT EXISTS `types` (
  `id` int(11) NOT NULL AUTO_INCREMENT,
  `title` varchar(20) COLLATE utf8mb4_persian_ci NOT NULL,
  `name` varchar(20) COLLATE utf8mb4_persian_ci NOT NULL,
  PRIMARY KEY (`id`)
) ENGINE=InnoDB  DEFAULT CHARSET=utf8mb4 COLLATE=utf8mb4_persian_ci AUTO_INCREMENT=2 ;

--
-- Dumping data for table `types`
--

INSERT INTO `types` (`id`, `title`, `name`) VALUES
(1, 'رستوران', 'Restaurant');

-- --------------------------------------------------------

--
-- Table structure for table `url`
--

CREATE TABLE IF NOT EXISTS `url` (
  `id` int(11) NOT NULL,
  `place_id` int(11) NOT NULL,
  `url` varchar(80) COLLATE utf8mb4_persian_ci NOT NULL
) ENGINE=InnoDB DEFAULT CHARSET=utf8mb4 COLLATE=utf8mb4_persian_ci;

--
-- Dumping data for table `url`
--

INSERT INTO `url` (`id`, `place_id`, `url`) VALUES
(0, 89, 'رستوران-شماره-۲۲'),
(0, 92, 'رستوران-فلان'),
(0, 92, 'رستوران-فلان-۲'),
(0, 92, 'رستوران-فلان-۲'),
(0, 92, 'رستوران-فلان-۲'),
(0, 92, 'رستوران-فلان-۲۲'),
(0, 92, 'رستوران-فلان-فلان'),
(0, 93, 'رستوران-من'),
(0, 93, 'رستوران-من-۲'),
(0, 94, 'رستوران-سیکا-شعبه-۱'),
(0, 95, 'رستوران-افق'),
(0, 96, 'رستوران-خلیج-فارس-۲'),
(0, 93, 'رستوران-هانی-۲'),
(0, 92, 'رستوران-اصل-جوان'),
(0, 77, 'فست-فود-ماچارتا'),
(0, 89, 'رستوران-پدر-خوب-۲'),
(0, 83, 'کترینگ-نون-و-ماست'),
(0, 73, 'رستوران-رفتاری'),
(0, 72, 'رستوران-خوان-سالار'),
(0, 97, 'رستوران-آسمان-آبی');

-- --------------------------------------------------------

--
-- Table structure for table `users`
--

CREATE TABLE IF NOT EXISTS `users` (
  `id` int(11) NOT NULL AUTO_INCREMENT,
  `username` varchar(50) COLLATE utf8mb4_persian_ci NOT NULL,
  `email` varchar(50) COLLATE utf8mb4_persian_ci NOT NULL,
  `password` varchar(100) COLLATE utf8mb4_persian_ci NOT NULL,
  `last_login` datetime NOT NULL,
  `created_at` datetime NOT NULL,
  `updated_at` datetime NOT NULL,
  `role` varchar(10) COLLATE utf8mb4_persian_ci NOT NULL,
  PRIMARY KEY (`id`)
) ENGINE=InnoDB  DEFAULT CHARSET=utf8mb4 COLLATE=utf8mb4_persian_ci AUTO_INCREMENT=15 ;

--
-- Dumping data for table `users`
--

INSERT INTO `users` (`id`, `username`, `email`, `password`, `last_login`, `created_at`, `updated_at`, `role`) VALUES
(7, 'Admin', 'admin@alirezarazavi.ir', '$2y$10$ZyUuZmlcvRe8RtcONLfC7OXVVRi74QEdFmuPsaboRF/cYneh2Y9bS', '2016-05-14 11:59:50', '2014-02-09 00:00:00', '2016-05-14 11:59:50', 'admin'),
(10, 'restoranyab', 'restoranyab@alirezarazavi.ir', '$2y$10$IvCJIVZMTS3jD5Hj5pP5dej0IIg2BE65xmNA8W77x0HPsrFlvDTeW', '2014-04-28 06:13:55', '2014-04-09 10:21:03', '2014-05-07 06:44:10', 'user'),
(11, 'مدیر', 'hi@alirezarazavi.ir', '$2y$10$yOZmntje2gelSLPSdgE4leuhxDAUYTCf1zNoH2bBxHHisMbvl1qCG', '2014-06-02 16:41:13', '2014-04-13 05:41:04', '2014-06-02 16:41:13', 'admin'),
(12, 'alireza', 'alireza@alirezarazavi.ir', '$2y$10$qOAYb4vRVSUbSMAEs1kdJO8UoTwa2wspe/1MfFKMgn9kfZD2S/GbK', '2014-04-28 06:11:12', '2014-04-21 08:19:18', '2014-06-02 16:44:18', 'user'),
(13, 'sar.razavi', 'sar.razavi@yahoo.com', '$2y$10$XhNgEFg5V.HN6KyKd7eH2OxSprsTGwe65GbBV3UKyD0j5qnDZ8zvK', '2016-05-14 09:45:13', '2016-05-14 09:44:28', '2016-05-14 10:16:03', 'user'),
(14, 'demo', 'demo@alirezarazavi.ir', '$2y$10$tzqA3Q8SGIOOiR9Jv6Y1juXxHQQ.ob9uGpy7JQlvxIxrvHHpfR8Yu', '0000-00-00 00:00:00', '2016-05-14 10:24:01', '2016-05-14 10:24:01', 'user');

-- --------------------------------------------------------

--
-- Table structure for table `user_place_registration`
--

CREATE TABLE IF NOT EXISTS `user_place_registration` (
  `id` int(11) NOT NULL AUTO_INCREMENT,
  `placeName` varchar(100) COLLATE utf8_persian_ci NOT NULL,
  `placeType` varchar(50) COLLATE utf8_persian_ci NOT NULL,
  `placePhone` int(11) NOT NULL,
  `placeAddress` varchar(300) COLLATE utf8_persian_ci NOT NULL,
  `managerName` varchar(50) COLLATE utf8_persian_ci NOT NULL,
  `managerPhone` int(11) NOT NULL,
  `email` varchar(100) COLLATE utf8_persian_ci NOT NULL,
  `description` text COLLATE utf8_persian_ci NOT NULL,
  `created_at` datetime NOT NULL,
  `ip` int(11) NOT NULL,
  PRIMARY KEY (`id`)
) ENGINE=InnoDB  DEFAULT CHARSET=utf8 COLLATE=utf8_persian_ci AUTO_INCREMENT=3 ;

--
-- Dumping data for table `user_place_registration`
--

INSERT INTO `user_place_registration` (`id`, `placeName`, `placeType`, `placePhone`, `placeAddress`, `managerName`, `managerPhone`, `email`, `description`, `created_at`, `ip`) VALUES
(1, 'نام رستوران', 'نوع رستوران', 123, 'آدرس رستوران', 'نام مدیر', 21, '', 'توضیحات رستوران', '0000-00-00 00:00:00', 0),
(2, 'رستوران جدید', 'ایرانی', 2123456, 'تهران خیابان آزادی', 'خودم', 21123, 'sar.razavi@yahoo.com', 'توضیحات ', '0000-00-00 00:00:00', 0);

/*!40101 SET CHARACTER_SET_CLIENT=@OLD_CHARACTER_SET_CLIENT */;
/*!40101 SET CHARACTER_SET_RESULTS=@OLD_CHARACTER_SET_RESULTS */;
/*!40101 SET COLLATION_CONNECTION=@OLD_COLLATION_CONNECTION */;
